{
  "key": "fairness",
  "Model": "PopAware-fairness",
  "seed": 42,
  "Recall@10": 0.06496519595384598,
  "NDCG@10": 0.03161146119236946,
  "Recall@20": 0.11004308611154556,
  "NDCG@20": 0.042951129376888275,
  "TailRecall@20": 0.029906542971730232,
  "Coverage@20": 0.7135578828191339,
  "ARP@20": 6.137474060058594,
  "TailExposure@20": 0.04787040106065628,
  "MiddleExposure@20": 0.11998674179648658,
  "HeadExposure@20": 0.8321428571428572
}