{
  "key": "baseline",
  "Model": "LightGCN",
  "seed": 0,
  "Recall@10": 0.07424593716859818,
  "NDCG@10": 0.03577948361635208,
  "Recall@20": 0.12877030670642853,
  "NDCG@20": 0.049472685903310776,
  "TailRecall@20": 0.00560747692361474,
  "Coverage@20": 0.40220775544862725,
  "ARP@20": 6.828993320465088,
  "TailExposure@20": 0.0015081206496519721,
  "MiddleExposure@20": 0.04023036128604574,
  "HeadExposure@20": 0.9582615180643023
}