{
  "key": "accuracy",
  "Model": "PopAware-accuracy",
  "seed": 1,
  "Recall@10": 0.07656612247228622,
  "NDCG@10": 0.037393055856227875,
  "Recall@20": 0.14070267975330353,
  "NDCG@20": 0.053432393819093704,
  "TailRecall@20": 0.01121495384722948,
  "Coverage@20": 0.4392867251627512,
  "ARP@20": 6.535367012023926,
  "TailExposure@20": 0.009123301292674843,
  "MiddleExposure@20": 0.06316705336426914,
  "HeadExposure@20": 0.927709645343056
}