{
  "key": "best",
  "Model": "PopAware-BEST",
  "seed": 0,
  "Recall@10": 0.07623466849327087,
  "NDCG@10": 0.0378270298242569,
  "Recall@20": 0.12976466119289398,
  "NDCG@20": 0.05125308781862259,
  "TailRecall@20": 0.028037384152412415,
  "Coverage@20": 0.49702802151146336,
  "ARP@20": 6.4582133293151855,
  "TailExposure@20": 0.030527013589658602,
  "MiddleExposure@20": 0.07077394763009612,
  "HeadExposure@20": 0.8986990387802453
}