{
  "key": "hightail",
  "Model": "PopAware-high-tail",
  "seed": 42,
  "Recall@10": 0.0773947611451149,
  "NDCG@10": 0.03816533833742142,
  "Recall@20": 0.13539940118789673,
  "NDCG@20": 0.0527128204703331,
  "TailRecall@20": 0.03738318011164665,
  "Coverage@20": 0.5026889329181998,
  "ARP@20": 6.55945348739624,
  "TailExposure@20": 0.03522538945972821,
  "MiddleExposure@20": 0.053480278422273785,
  "HeadExposure@20": 0.911294332117998
}