{
  "key": "accuracy",
  "Model": "PopAware-accuracy",
  "seed": 0,
  "Recall@10": 0.07623466849327087,
  "NDCG@10": 0.037883657962083817,
  "Recall@20": 0.13225057721138,
  "NDCG@20": 0.05194071680307388,
  "TailRecall@20": 0.01682243123650551,
  "Coverage@20": 0.4438154542881404,
  "ARP@20": 6.5377888679504395,
  "TailExposure@20": 0.008717268810076235,
  "MiddleExposure@20": 0.06451773284719921,
  "HeadExposure@20": 0.9267649983427245
}