{
  "key": "fairness",
  "Model": "PopAware-fairness",
  "seed": 0,
  "Recall@10": 0.06098773702979088,
  "NDCG@10": 0.03037128411233425,
  "Recall@20": 0.10059662163257599,
  "NDCG@20": 0.0403016060590744,
  "TailRecall@20": 0.02242990769445896,
  "Coverage@20": 0.710161335975092,
  "ARP@20": 6.138007640838623,
  "TailExposure@20": 0.04912164401723566,
  "MiddleExposure@20": 0.11855319854159761,
  "HeadExposure@20": 0.8323251574411668
}