{
  "key": "best",
  "Model": "PopAware-BEST",
  "seed": 1,
  "Recall@10": 0.07623466849327087,
  "NDCG@10": 0.03714276850223541,
  "Recall@20": 0.1368909478187561,
  "NDCG@20": 0.052345845848321915,
  "TailRecall@20": 0.03925233706831932,
  "Coverage@20": 0.560430229266912,
  "ARP@20": 6.365844249725342,
  "TailExposure@20": 0.033443818362611864,
  "MiddleExposure@20": 0.09165561816373881,
  "HeadExposure@20": 0.8749005634736493
}