{
  "key": "fairness",
  "Model": "PopAware-fairness",
  "seed": 1,
  "Recall@10": 0.0654623806476593,
  "NDCG@10": 0.03116581402719021,
  "Recall@20": 0.10507126152515411,
  "NDCG@20": 0.04112177714705467,
  "TailRecall@20": 0.029906542971730232,
  "Coverage@20": 0.7166713840928389,
  "ARP@20": 6.139434814453125,
  "TailExposure@20": 0.04766324163075903,
  "MiddleExposure@20": 0.11680477295326483,
  "HeadExposure@20": 0.8355319854159762
}