{
  "key": "accuracy",
  "Model": "PopAware-accuracy",
  "seed": 42,
  "Recall@10": 0.07838913053274155,
  "NDCG@10": 0.038038693368434906,
  "Recall@20": 0.13705667853355408,
  "NDCG@20": 0.052730742841959,
  "TailRecall@20": 0.014953271485865116,
  "Coverage@20": 0.5026889329181998,
  "ARP@20": 6.427669048309326,
  "TailExposure@20": 0.011252900232018562,
  "MiddleExposure@20": 0.0920036460059662,
  "HeadExposure@20": 0.8967434537620153
}