{
  "key": "best",
  "Model": "PopAware-BEST",
  "seed": 42,
  "Recall@10": 0.0787205845117569,
  "NDCG@10": 0.037806134670972824,
  "Recall@20": 0.13473649322986603,
  "NDCG@20": 0.05183882638812065,
  "TailRecall@20": 0.029906542971730232,
  "Coverage@20": 0.5578828191338806,
  "ARP@20": 6.3744707107543945,
  "TailExposure@20": 0.03216771627444481,
  "MiddleExposure@20": 0.09374378521710308,
  "HeadExposure@20": 0.874088498508452
}