{
  "key": "baseline",
  "Model": "LightGCN",
  "seed": 1,
  "Recall@10": 0.0720914825797081,
  "NDCG@10": 0.035593412816524506,
  "Recall@20": 0.12926748394966125,
  "NDCG@20": 0.049962595105171204,
  "TailRecall@20": 0.003738317871466279,
  "Coverage@20": 0.39909425417492217,
  "ARP@20": 6.824611186981201,
  "TailExposure@20": 0.0014998342724560822,
  "MiddleExposure@20": 0.04017235664567451,
  "HeadExposure@20": 0.9583278090818694
}