{
  "key": "hightail",
  "Model": "PopAware-high-tail",
  "seed": 0,
  "Recall@10": 0.0787205845117569,
  "NDCG@10": 0.03843546658754349,
  "Recall@20": 0.13274775445461273,
  "NDCG@20": 0.05187300965189934,
  "TailRecall@20": 0.042990654706954956,
  "Coverage@20": 0.48542315312765355,
  "ARP@20": 6.57494592666626,
  "TailExposure@20": 0.03821677162744448,
  "MiddleExposure@20": 0.049395094464700036,
  "HeadExposure@20": 0.9123881339078554
}