{
  "key": "hightail",
  "Model": "PopAware-high-tail",
  "seed": 1,
  "Recall@10": 0.0787205845117569,
  "NDCG@10": 0.03799045458436012,
  "Recall@20": 0.1375538557767868,
  "NDCG@20": 0.05273661017417908,
  "TailRecall@20": 0.03925233706831932,
  "Coverage@20": 0.50891593546561,
  "ARP@20": 6.556276798248291,
  "TailExposure@20": 0.035399403380841896,
  "MiddleExposure@20": 0.053281405369572425,
  "HeadExposure@20": 0.9113191912495857
}