Recall@10,NDCG@10,Recall@20,NDCG@20,TailRecall@20,Coverage@20,ARP@20,TailExposure@20,MiddleExposure@20,HeadExposure@20
0.07126284390687943,0.03463500738143921,0.13109049201011658,0.04960629343986511,0.005464480724185705,0.5290121709595245,6.712984085083008,0.004043752071594299,0.06957242293669208,0.9263838249917137
