Model,Recall@10,NDCG@10,Recall@20,NDCG@20,TailRecall@20,Coverage@20,ARP@20,TailExposure@20,MiddleExposure@20,HeadExposure@20
MostPopular,0.04027179256081581,0.01889406330883503,0.07225720584392548,0.026873059570789337,0.0,0.04981602037928107,7.529199123382568,0.0,0.0,1.0
BPR-MF,0.07126284390687943,0.03463500738143921,0.13109049201011658,0.04960629343986511,0.005464480724185705,0.5290121709595245,6.712984085083008,0.004043752071594299,0.06957242293669208,0.9263838249917137
LightGCN,0.0647994726896286,0.03237378969788551,0.11501491814851761,0.04506159573793411,0.0018214936135336757,0.3130484007925276,7.021695613861084,0.0009529333775273451,0.017923433874709977,0.9811236327477627
