Model,Recall@10,NDCG@10,Recall@20,NDCG@20,TailRecall@20,Coverage@20,ARP@20,TailExposure@20,MiddleExposure@20,HeadExposure@20
MostPopular,0.03994033858180046,0.019184909760951996,0.0720914825797081,0.02721613645553589,0.0,0.04981602037928107,7.528143882751465,0.0,0.0,1.0
BPR-MF,0.0742459371685981,0.0369085222482681,0.1309247612953186,0.05109703540802,0.0109289614483714,0.628078120577413,6.518258094787598,0.0086344050381173,0.1139956910838581,0.8773699038780245
LightGCN,0.0702684819698333,0.0347535498440265,0.1276102066040039,0.0492204837501049,0.0036429872270673,0.3971129351825644,6.855933666229248,0.0012926748425588,0.0393105734173019,0.9593967517401392
