Recall@10,NDCG@10,Recall@20,NDCG@20,TailRecall@20,Coverage@20,ARP@20,TailExposure@20,MiddleExposure@20,HeadExposure@20
0.03994033858180046,0.019184909760951996,0.0720914825797081,0.02721613645553589,0.0,0.04981602037928107,7.528143882751465,0.0,0.0,1.0
