Recall@10,NDCG@10,Recall@20,NDCG@20,TailRecall@20,Coverage@20,ARP@20,TailExposure@20,MiddleExposure@20,HeadExposure@20
0.04027179256081581,0.01889406330883503,0.07225720584392548,0.026873059570789337,0.0,0.04981602037928107,7.529199123382568,0.0,0.0,1.0
