{
  "model_name": "lightgcn",
  "seed": 62,
  "best_epoch": 50,
  "monitor": "recall@20",
  "best_monitor_value": 0.12048392441342277,
  "val_recall@10": 0.06811402054527638,
  "val_recall@20": 0.12048392441342277,
  "val_hit_rate@10": 0.06811402054527638,
  "val_hit_rate@20": 0.12048392441342277,
  "val_ndcg@10": 0.0341628076790168,
  "val_ndcg@20": 0.04727054995762164,
  "test_recall@10": 0.06430228702528887,
  "test_recall@20": 0.10987736150884138,
  "test_hit_rate@10": 0.06430228702528887,
  "test_hit_rate@20": 0.10987736150884138,
  "test_ndcg@10": 0.032042654740531834,
  "test_ndcg@20": 0.043453660030208126
}