{
  "model_name": "bprmf",
  "seed": 42,
  "best_epoch": 50,
  "monitor": "recall@20",
  "best_monitor_value": 0.14186277748003756,
  "val_recall@10": 0.08104076896469088,
  "val_recall@20": 0.14186277748003756,
  "val_hit_rate@10": 0.08104076896469088,
  "val_hit_rate@20": 0.14186277748003756,
  "val_ndcg@10": 0.0390768164005112,
  "val_ndcg@20": 0.054304898275389035,
  "test_recall@10": 0.0740802122053422,
  "test_recall@20": 0.12877030150559235,
  "test_hit_rate@10": 0.0740802122053422,
  "test_hit_rate@20": 0.12877030150559235,
  "test_ndcg@10": 0.03646017731910397,
  "test_ndcg@20": 0.050112839848702025
}