{
  "model_name": "lightgcn",
  "seed": 42,
  "best_epoch": 50,
  "monitor": "recall@20",
  "best_monitor_value": 0.11998674178413891,
  "val_recall@10": 0.071097116334562,
  "val_recall@20": 0.11998674178413891,
  "val_hit_rate@10": 0.071097116334562,
  "val_hit_rate@20": 0.11998674178413891,
  "val_ndcg@10": 0.035136659137588545,
  "val_ndcg@20": 0.04734696146628005,
  "test_recall@10": 0.0634736493081694,
  "test_recall@20": 0.1112031819515565,
  "test_hit_rate@10": 0.0634736493081694,
  "test_hit_rate@20": 0.1112031819515565,
  "test_ndcg@10": 0.031397207737966684,
  "test_ndcg@20": 0.043463810684420554
}