{
  "model_name": "bprmf",
  "seed": 52,
  "best_epoch": 46,
  "monitor": "recall@20",
  "best_monitor_value": 0.14136559485322323,
  "val_recall@10": 0.08617832282614266,
  "val_recall@20": 0.14136559485322323,
  "val_hit_rate@10": 0.08617832282614266,
  "val_hit_rate@20": 0.14136559485322323,
  "val_ndcg@10": 0.04168990889257317,
  "val_ndcg@20": 0.055547383420952195,
  "test_recall@10": 0.07010275115131502,
  "test_recall@20": 0.1231355651111685,
  "test_hit_rate@10": 0.07010275115131502,
  "test_hit_rate@20": 0.1231355651111685,
  "test_ndcg@10": 0.033878541112262205,
  "test_ndcg@20": 0.047191961732948304
}