{
  "run_id": "baseline_L2_ile1p0_cl0p1_tau0p2_beta0p0_s42",
  "use_ile": false,
  "lambda_ile": 1.0,
  "aug_main": false,
  "use_cl": false,
  "lambda_cl": 0.1,
  "tau": 0.2,
  "dropout_type": "degree_aware",
  "neg_pop_beta": 0.0,
  "num_layers": 2,
  "num_epochs": 100,
  "seed": 42,
  "embedding_dim": 64,
  "lr": 0.001,
  "weight_decay": 0.0001,
  "batch_size": 4096,
  "best_epoch": 95,
  "best_val_recall": 0.14103414118289948,
  "Recall@10": 0.07126284390687943,
  "NDCG@10": 0.03535357862710953,
  "Recall@20": 0.12794166803359985,
  "NDCG@20": 0.04964783042669296,
  "TailRecall@20": 0.00560747692361474,
  "Coverage@20": 0.39201811491650157,
  "ARP@20": 6.845614910125732,
  "TailExposure@20": 0.0013755386145177329,
  "MiddleExposure@20": 0.03900397746105403,
  "HeadExposure@20": 0.9596204839244282,
  "base_config": "baseline"
}