{
  "run_id": "baseline_L3_ile1p0_cl0p1_tau0p2_beta0p0_s42",
  "use_ile": false,
  "lambda_ile": 1.0,
  "aug_main": false,
  "use_cl": false,
  "lambda_cl": 0.1,
  "tau": 0.2,
  "dropout_type": "degree_aware",
  "neg_pop_beta": 0.0,
  "num_layers": 3,
  "num_epochs": 100,
  "seed": 42,
  "embedding_dim": 64,
  "lr": 0.001,
  "weight_decay": 0.0001,
  "batch_size": 4096,
  "best_epoch": 100,
  "best_val_recall": 0.13109049201011658,
  "Recall@10": 0.06728538125753403,
  "NDCG@10": 0.03412323445081711,
  "Recall@20": 0.12064965069293976,
  "NDCG@20": 0.04754871129989624,
  "TailRecall@20": 0.003738317871466279,
  "Coverage@20": 0.3444664590999151,
  "ARP@20": 6.9442667961120605,
  "TailExposure@20": 0.000986078886310905,
  "MiddleExposure@20": 0.02660755717600265,
  "HeadExposure@20": 0.9724063639376864,
  "base_config": "baseline"
}