{
  "run_id": "full_L2_ile0p1_cl0p1_tau0p2_beta0p0_s42",
  "use_ile": true,
  "lambda_ile": 0.1,
  "aug_main": false,
  "use_cl": true,
  "lambda_cl": 0.1,
  "tau": 0.2,
  "dropout_type": "degree_aware",
  "neg_pop_beta": 0.0,
  "num_layers": 2,
  "num_epochs": 100,
  "seed": 42,
  "embedding_dim": 64,
  "lr": 0.001,
  "weight_decay": 0.0001,
  "batch_size": 4096,
  "best_epoch": 25,
  "best_val_recall": 0.15462379157543182,
  "Recall@10": 0.07988067716360092,
  "NDCG@10": 0.039374176412820816,
  "Recall@20": 0.1355651319026947,
  "NDCG@20": 0.053379952907562256,
  "TailRecall@20": 0.013084112666547298,
  "Coverage@20": 0.44438154542881403,
  "ARP@20": 6.646285533905029,
  "TailExposure@20": 0.009131587669870732,
  "MiddleExposure@20": 0.04035465694398409,
  "HeadExposure@20": 0.9505137553861451,
  "base_config": "full"
}