{
  "run_id": "full_L3_ile0p5_cl0p1_tau0p2_beta0p0_s42",
  "use_ile": true,
  "lambda_ile": 0.5,
  "aug_main": false,
  "use_cl": true,
  "lambda_cl": 0.1,
  "tau": 0.2,
  "dropout_type": "degree_aware",
  "neg_pop_beta": 0.0,
  "num_layers": 3,
  "num_epochs": 100,
  "seed": 42,
  "embedding_dim": 64,
  "lr": 0.001,
  "weight_decay": 0.0001,
  "batch_size": 4096,
  "best_epoch": 40,
  "best_val_recall": 0.15710970759391785,
  "Recall@10": 0.08104076981544495,
  "NDCG@10": 0.03911570459604263,
  "Recall@20": 0.1368909478187561,
  "NDCG@20": 0.05311085656285286,
  "TailRecall@20": 0.02429906651377678,
  "Coverage@20": 0.49136711010472683,
  "ARP@20": 6.567359447479248,
  "TailExposure@20": 0.024345376201524695,
  "MiddleExposure@20": 0.052850513755386144,
  "HeadExposure@20": 0.9228041100430892,
  "base_config": "full"
}