{
  "run_id": "full_L3_ile0p1_cl0p1_tau0p2_beta0p0_s42",
  "use_ile": true,
  "lambda_ile": 0.1,
  "aug_main": false,
  "use_cl": true,
  "lambda_cl": 0.1,
  "tau": 0.2,
  "dropout_type": "degree_aware",
  "neg_pop_beta": 0.0,
  "num_layers": 3,
  "num_epochs": 100,
  "seed": 42,
  "embedding_dim": 64,
  "lr": 0.001,
  "weight_decay": 0.0001,
  "batch_size": 4096,
  "best_epoch": 40,
  "best_val_recall": 0.15760689973831177,
  "Recall@10": 0.08037785440683365,
  "NDCG@10": 0.0389527790248394,
  "Recall@20": 0.1362280398607254,
  "NDCG@20": 0.05295345559716225,
  "TailRecall@20": 0.009345795027911663,
  "Coverage@20": 0.4542881403906029,
  "ARP@20": 6.6120829582214355,
  "TailExposure@20": 0.010225389459728207,
  "MiddleExposure@20": 0.0462048392442824,
  "HeadExposure@20": 0.9435697712959894,
  "base_config": "full"
}