{
  "run_id": "full_L2_ile0p1_cl0p5_tau0p2_beta0p0_s42",
  "use_ile": true,
  "lambda_ile": 0.1,
  "aug_main": false,
  "use_cl": true,
  "lambda_cl": 0.5,
  "tau": 0.2,
  "dropout_type": "degree_aware",
  "neg_pop_beta": 0.0,
  "num_layers": 2,
  "num_epochs": 100,
  "seed": 42,
  "embedding_dim": 64,
  "lr": 0.001,
  "weight_decay": 0.0001,
  "batch_size": 4096,
  "best_epoch": 50,
  "best_val_recall": 0.12545575201511383,
  "Recall@10": 0.06629101932048798,
  "NDCG@10": 0.03224856033921242,
  "Recall@20": 0.11120317876338959,
  "NDCG@20": 0.04358314350247383,
  "TailRecall@20": 0.013084112666547298,
  "Coverage@20": 0.6527030851967167,
  "ARP@20": 6.215888977050781,
  "TailExposure@20": 0.02493370898243288,
  "MiddleExposure@20": 0.11095459065296652,
  "HeadExposure@20": 0.8641117003646006,
  "base_config": "full"
}