{
  "run_id": "full_L2_ile0p1_cl0p5_tau0p2_beta0p5_s42",
  "use_ile": true,
  "lambda_ile": 0.1,
  "aug_main": false,
  "use_cl": true,
  "lambda_cl": 0.5,
  "tau": 0.2,
  "dropout_type": "degree_aware",
  "neg_pop_beta": 0.5,
  "num_layers": 2,
  "num_epochs": 100,
  "seed": 42,
  "embedding_dim": 64,
  "lr": 0.001,
  "weight_decay": 0.0001,
  "batch_size": 4096,
  "best_epoch": 45,
  "best_val_recall": 0.12678156793117523,
  "Recall@10": 0.0694398432970047,
  "NDCG@10": 0.032733555883169174,
  "Recall@20": 0.11120317876338959,
  "NDCG@20": 0.04325256869196892,
  "TailRecall@20": 0.013084112666547298,
  "Coverage@20": 0.5680724596660063,
  "ARP@20": 6.241098403930664,
  "TailExposure@20": 0.00976963871395426,
  "MiddleExposure@20": 0.13138051044083526,
  "HeadExposure@20": 0.8588498508452105,
  "base_config": "full"
}