{
  "run_id": "full_L2_ile0p5_cl0p1_tau0p2_beta0p5_s42",
  "use_ile": true,
  "lambda_ile": 0.5,
  "aug_main": false,
  "use_cl": true,
  "lambda_cl": 0.1,
  "tau": 0.2,
  "dropout_type": "degree_aware",
  "neg_pop_beta": 0.5,
  "num_layers": 2,
  "num_epochs": 100,
  "seed": 42,
  "embedding_dim": 64,
  "lr": 0.001,
  "weight_decay": 0.0001,
  "batch_size": 4096,
  "best_epoch": 25,
  "best_val_recall": 0.1574411690235138,
  "Recall@10": 0.07706330716609955,
  "NDCG@10": 0.037673864513635635,
  "Recall@20": 0.13655950129032135,
  "NDCG@20": 0.05265060067176819,
  "TailRecall@20": 0.026168225333094597,
  "Coverage@20": 0.5123124823096519,
  "ARP@20": 6.437112331390381,
  "TailExposure@20": 0.022804110043089163,
  "MiddleExposure@20": 0.08187769307258866,
  "HeadExposure@20": 0.8953181968843221,
  "base_config": "full"
}