{
  "run_id": "full_L2_ile1p0_cl0p1_tau0p2_beta0p5_s42",
  "use_ile": true,
  "lambda_ile": 1.0,
  "aug_main": false,
  "use_cl": true,
  "lambda_cl": 0.1,
  "tau": 0.2,
  "dropout_type": "degree_aware",
  "neg_pop_beta": 0.5,
  "num_layers": 2,
  "num_epochs": 100,
  "seed": 42,
  "embedding_dim": 64,
  "lr": 0.001,
  "weight_decay": 0.0001,
  "batch_size": 4096,
  "best_epoch": 30,
  "best_val_recall": 0.15760689973831177,
  "Recall@10": 0.0787205845117569,
  "NDCG@10": 0.037806134670972824,
  "Recall@20": 0.13473649322986603,
  "NDCG@20": 0.05183882638812065,
  "TailRecall@20": 0.029906542971730232,
  "Coverage@20": 0.5578828191338806,
  "ARP@20": 6.3744707107543945,
  "TailExposure@20": 0.03216771627444481,
  "MiddleExposure@20": 0.09374378521710308,
  "HeadExposure@20": 0.874088498508452,
  "base_config": "full"
}