{
  "run_id": "full_L3_ile1p0_cl0p5_tau0p2_beta0p5_s42",
  "use_ile": true,
  "lambda_ile": 1.0,
  "aug_main": false,
  "use_cl": true,
  "lambda_cl": 0.5,
  "tau": 0.2,
  "dropout_type": "degree_aware",
  "neg_pop_beta": 0.5,
  "num_layers": 3,
  "num_epochs": 100,
  "seed": 42,
  "embedding_dim": 64,
  "lr": 0.001,
  "weight_decay": 0.0001,
  "batch_size": 4096,
  "best_epoch": 100,
  "best_val_recall": 0.12843884527683258,
  "Recall@10": 0.06844547390937805,
  "NDCG@10": 0.033408455550670624,
  "Recall@20": 0.11385481804609299,
  "NDCG@20": 0.04484199360013008,
  "TailRecall@20": 0.020560748875141144,
  "Coverage@20": 0.6549674497594112,
  "ARP@20": 6.169239044189453,
  "TailExposure@20": 0.026731852833941,
  "MiddleExposure@20": 0.14539277427908517,
  "HeadExposure@20": 0.8278753728869738,
  "base_config": "full"
}