{
  "run_id": "full_L3_ile0p5_cl0p1_tau0p2_beta0p5_s42",
  "use_ile": true,
  "lambda_ile": 0.5,
  "aug_main": false,
  "use_cl": true,
  "lambda_cl": 0.1,
  "tau": 0.2,
  "dropout_type": "degree_aware",
  "neg_pop_beta": 0.5,
  "num_layers": 3,
  "num_epochs": 100,
  "seed": 42,
  "embedding_dim": 64,
  "lr": 0.001,
  "weight_decay": 0.0001,
  "batch_size": 4096,
  "best_epoch": 45,
  "best_val_recall": 0.15760689973831177,
  "Recall@10": 0.07789194583892822,
  "NDCG@10": 0.037862539291381836,
  "Recall@20": 0.13672521710395813,
  "NDCG@20": 0.05260416492819786,
  "TailRecall@20": 0.029906542971730232,
  "Coverage@20": 0.5496744975941127,
  "ARP@20": 6.374582290649414,
  "TailExposure@20": 0.02684786211468346,
  "MiddleExposure@20": 0.09606397083195227,
  "HeadExposure@20": 0.8770881670533642,
  "base_config": "full"
}