{
  "run_id": "full_L2_ile0p5_cl0p5_tau0p2_beta0p5_s42",
  "use_ile": true,
  "lambda_ile": 0.5,
  "aug_main": false,
  "use_cl": true,
  "lambda_cl": 0.5,
  "tau": 0.2,
  "dropout_type": "degree_aware",
  "neg_pop_beta": 0.5,
  "num_layers": 2,
  "num_epochs": 100,
  "seed": 42,
  "embedding_dim": 64,
  "lr": 0.001,
  "weight_decay": 0.0001,
  "batch_size": 4096,
  "best_epoch": 45,
  "best_val_recall": 0.1262843906879425,
  "Recall@10": 0.0687769278883934,
  "NDCG@10": 0.03246688097715378,
  "Recall@20": 0.11236327141523361,
  "NDCG@20": 0.043429963290691376,
  "TailRecall@20": 0.02242990769445896,
  "Coverage@20": 0.6099632040758562,
  "ARP@20": 6.215129852294922,
  "TailExposure@20": 0.01723566456745111,
  "MiddleExposure@20": 0.13404872389791184,
  "HeadExposure@20": 0.848715611534637,
  "base_config": "full"
}