{
  "run_id": "full_L2_ile0p5_cl0p5_tau0p2_beta0p0_s42",
  "use_ile": true,
  "lambda_ile": 0.5,
  "aug_main": false,
  "use_cl": true,
  "lambda_cl": 0.5,
  "tau": 0.2,
  "dropout_type": "degree_aware",
  "neg_pop_beta": 0.0,
  "num_layers": 2,
  "num_epochs": 100,
  "seed": 42,
  "embedding_dim": 64,
  "lr": 0.001,
  "weight_decay": 0.0001,
  "batch_size": 4096,
  "best_epoch": 50,
  "best_val_recall": 0.12313556671142578,
  "Recall@10": 0.06612528860569,
  "NDCG@10": 0.032109230756759644,
  "Recall@20": 0.11054027080535889,
  "NDCG@20": 0.04327591881155968,
  "TailRecall@20": 0.020560748875141144,
  "Coverage@20": 0.6943107840362298,
  "ARP@20": 6.165779113769531,
  "TailExposure@20": 0.03911998674179649,
  "MiddleExposure@20": 0.11729366920782235,
  "HeadExposure@20": 0.8435863440503811,
  "base_config": "full"
}