{
  "run_id": "full_L3_ile1p0_cl0p1_tau0p2_beta0p5_s42",
  "use_ile": true,
  "lambda_ile": 1.0,
  "aug_main": false,
  "use_cl": true,
  "lambda_cl": 0.1,
  "tau": 0.2,
  "dropout_type": "degree_aware",
  "neg_pop_beta": 0.5,
  "num_layers": 3,
  "num_epochs": 100,
  "seed": 42,
  "embedding_dim": 64,
  "lr": 0.001,
  "weight_decay": 0.0001,
  "batch_size": 4096,
  "best_epoch": 40,
  "best_val_recall": 0.1581040769815445,
  "Recall@10": 0.07988067716360092,
  "NDCG@10": 0.038493093103170395,
  "Recall@20": 0.1362280398607254,
  "NDCG@20": 0.05256996303796768,
  "TailRecall@20": 0.035514019429683685,
  "Coverage@20": 0.5434474950467025,
  "ARP@20": 6.390355587005615,
  "TailExposure@20": 0.03360125952933377,
  "MiddleExposure@20": 0.08707325157441166,
  "HeadExposure@20": 0.8793254888962545,
  "base_config": "full"
}