{
  "run_id": "full_L2_ile1p0_cl0p5_tau0p2_beta0p0_s42",
  "use_ile": true,
  "lambda_ile": 1.0,
  "aug_main": false,
  "use_cl": true,
  "lambda_cl": 0.5,
  "tau": 0.2,
  "dropout_type": "degree_aware",
  "neg_pop_beta": 0.0,
  "num_layers": 2,
  "num_epochs": 100,
  "seed": 42,
  "embedding_dim": 64,
  "lr": 0.001,
  "weight_decay": 0.0001,
  "batch_size": 4096,
  "best_epoch": 50,
  "best_val_recall": 0.12247265130281448,
  "Recall@10": 0.06496519595384598,
  "NDCG@10": 0.03161146119236946,
  "Recall@20": 0.11004308611154556,
  "NDCG@20": 0.042951129376888275,
  "TailRecall@20": 0.029906542971730232,
  "Coverage@20": 0.7135578828191339,
  "ARP@20": 6.137474060058594,
  "TailExposure@20": 0.04787040106065628,
  "MiddleExposure@20": 0.11998674179648658,
  "HeadExposure@20": 0.8321428571428572,
  "base_config": "full"
}