{
  "run_id": "full_L3_ile0p1_cl0p5_tau0p2_beta0p5_s42",
  "use_ile": true,
  "lambda_ile": 0.1,
  "aug_main": false,
  "use_cl": true,
  "lambda_cl": 0.5,
  "tau": 0.2,
  "dropout_type": "degree_aware",
  "neg_pop_beta": 0.5,
  "num_layers": 3,
  "num_epochs": 100,
  "seed": 42,
  "embedding_dim": 64,
  "lr": 0.001,
  "weight_decay": 0.0001,
  "batch_size": 4096,
  "best_epoch": 100,
  "best_val_recall": 0.12910175323486328,
  "Recall@10": 0.06861120462417603,
  "NDCG@10": 0.033483829349279404,
  "Recall@20": 0.11484918743371964,
  "NDCG@20": 0.04511663690209389,
  "TailRecall@20": 0.014953271485865116,
  "Coverage@20": 0.6147749787715823,
  "ARP@20": 6.202594757080078,
  "TailExposure@20": 0.015951276102088168,
  "MiddleExposure@20": 0.1436443486907524,
  "HeadExposure@20": 0.8404043752071594,
  "base_config": "full"
}