{
  "run_id": "full_L2_ile0p1_cl0p1_tau0p2_beta0p5_s42",
  "use_ile": true,
  "lambda_ile": 0.1,
  "aug_main": false,
  "use_cl": true,
  "lambda_cl": 0.1,
  "tau": 0.2,
  "dropout_type": "degree_aware",
  "neg_pop_beta": 0.5,
  "num_layers": 2,
  "num_epochs": 100,
  "seed": 42,
  "embedding_dim": 64,
  "lr": 0.001,
  "weight_decay": 0.0001,
  "batch_size": 4096,
  "best_epoch": 30,
  "best_val_recall": 0.15727543830871582,
  "Recall@10": 0.07838913053274155,
  "NDCG@10": 0.038038693368434906,
  "Recall@20": 0.13705667853355408,
  "NDCG@20": 0.052730742841959,
  "TailRecall@20": 0.014953271485865116,
  "Coverage@20": 0.5026889329181998,
  "ARP@20": 6.427669048309326,
  "TailExposure@20": 0.011252900232018562,
  "MiddleExposure@20": 0.0920036460059662,
  "HeadExposure@20": 0.8967434537620153,
  "base_config": "full"
}