{
  "run_id": "full_L3_ile0p5_cl0p5_tau0p2_beta0p0_s42",
  "use_ile": true,
  "lambda_ile": 0.5,
  "aug_main": false,
  "use_cl": true,
  "lambda_cl": 0.5,
  "tau": 0.2,
  "dropout_type": "degree_aware",
  "neg_pop_beta": 0.0,
  "num_layers": 3,
  "num_epochs": 100,
  "seed": 42,
  "embedding_dim": 64,
  "lr": 0.001,
  "weight_decay": 0.0001,
  "batch_size": 4096,
  "best_epoch": 95,
  "best_val_recall": 0.12396420538425446,
  "Recall@10": 0.0641365572810173,
  "NDCG@10": 0.030721593648195267,
  "Recall@20": 0.10904872417449951,
  "NDCG@20": 0.04207909107208252,
  "TailRecall@20": 0.02429906651377678,
  "Coverage@20": 0.6962921030285876,
  "ARP@20": 6.154974937438965,
  "TailExposure@20": 0.04448127278753729,
  "MiddleExposure@20": 0.11248757043420617,
  "HeadExposure@20": 0.8430311567782566,
  "base_config": "full"
}