{
  "run_id": "full_L3_ile1p0_cl0p1_tau0p2_beta0p0_s42",
  "use_ile": true,
  "lambda_ile": 1.0,
  "aug_main": false,
  "use_cl": true,
  "lambda_cl": 0.1,
  "tau": 0.2,
  "dropout_type": "degree_aware",
  "neg_pop_beta": 0.0,
  "num_layers": 3,
  "num_epochs": 100,
  "seed": 42,
  "embedding_dim": 64,
  "lr": 0.001,
  "weight_decay": 0.0001,
  "batch_size": 4096,
  "best_epoch": 45,
  "best_val_recall": 0.15578389167785645,
  "Recall@10": 0.08120649307966232,
  "NDCG@10": 0.03893135488033295,
  "Recall@20": 0.1368909478187561,
  "NDCG@20": 0.052842870354652405,
  "TailRecall@20": 0.03738318011164665,
  "Coverage@20": 0.5292952165298613,
  "ARP@20": 6.507839679718018,
  "TailExposure@20": 0.03625290023201856,
  "MiddleExposure@20": 0.06280245276764998,
  "HeadExposure@20": 0.9009446470003315,
  "base_config": "full"
}