{
  "run_id": "full_L3_ile1p0_cl0p5_tau0p2_beta0p0_s42",
  "use_ile": true,
  "lambda_ile": 1.0,
  "aug_main": false,
  "use_cl": true,
  "lambda_cl": 0.5,
  "tau": 0.2,
  "dropout_type": "degree_aware",
  "neg_pop_beta": 0.0,
  "num_layers": 3,
  "num_epochs": 100,
  "seed": 42,
  "embedding_dim": 64,
  "lr": 0.001,
  "weight_decay": 0.0001,
  "batch_size": 4096,
  "best_epoch": 100,
  "best_val_recall": 0.12313556671142578,
  "Recall@10": 0.06446801126003265,
  "NDCG@10": 0.031246092170476913,
  "Recall@20": 0.10805435478687286,
  "NDCG@20": 0.04220875725150108,
  "TailRecall@20": 0.028037384152412415,
  "Coverage@20": 0.7138409283894707,
  "ARP@20": 6.124453544616699,
  "TailExposure@20": 0.0518975803778588,
  "MiddleExposure@20": 0.11876864434869075,
  "HeadExposure@20": 0.8293337752734504,
  "base_config": "full"
}