{
  "run_id": "full_L3_ile0p1_cl0p1_tau0p2_beta0p5_s42",
  "use_ile": true,
  "lambda_ile": 0.1,
  "aug_main": false,
  "use_cl": true,
  "lambda_cl": 0.1,
  "tau": 0.2,
  "dropout_type": "degree_aware",
  "neg_pop_beta": 0.5,
  "num_layers": 3,
  "num_epochs": 100,
  "seed": 42,
  "embedding_dim": 64,
  "lr": 0.001,
  "weight_decay": 0.0001,
  "batch_size": 4096,
  "best_epoch": 35,
  "best_val_recall": 0.1607557088136673,
  "Recall@10": 0.0793834924697876,
  "NDCG@10": 0.038833729922771454,
  "Recall@20": 0.13871395587921143,
  "NDCG@20": 0.053663548082113266,
  "TailRecall@20": 0.018691590055823326,
  "Coverage@20": 0.4658930087744127,
  "ARP@20": 6.494370937347412,
  "TailExposure@20": 0.010598276433543255,
  "MiddleExposure@20": 0.07411335764003978,
  "HeadExposure@20": 0.9152883659264169,
  "base_config": "full"
}