{
  "run_id": "full_L3_ile0p5_cl0p5_tau0p2_beta0p5_s42",
  "use_ile": true,
  "lambda_ile": 0.5,
  "aug_main": false,
  "use_cl": true,
  "lambda_cl": 0.5,
  "tau": 0.2,
  "dropout_type": "degree_aware",
  "neg_pop_beta": 0.5,
  "num_layers": 3,
  "num_epochs": 100,
  "seed": 42,
  "embedding_dim": 64,
  "lr": 0.001,
  "weight_decay": 0.0001,
  "batch_size": 4096,
  "best_epoch": 100,
  "best_val_recall": 0.12860457599163055,
  "Recall@10": 0.0687769278883934,
  "NDCG@10": 0.033445850014686584,
  "Recall@20": 0.11352336406707764,
  "NDCG@20": 0.04471389204263687,
  "TailRecall@20": 0.018691590055823326,
  "Coverage@20": 0.6442117180866119,
  "ARP@20": 6.178992748260498,
  "TailExposure@20": 0.02346702021876036,
  "MiddleExposure@20": 0.14494530991050714,
  "HeadExposure@20": 0.8315876698707325,
  "base_config": "full"
}