{
  "run_id": "full_L2_ile1p0_cl0p1_tau0p2_beta0p0_s42",
  "use_ile": true,
  "lambda_ile": 1.0,
  "aug_main": false,
  "use_cl": true,
  "lambda_cl": 0.1,
  "tau": 0.2,
  "dropout_type": "degree_aware",
  "neg_pop_beta": 0.0,
  "num_layers": 2,
  "num_epochs": 100,
  "seed": 42,
  "embedding_dim": 64,
  "lr": 0.001,
  "weight_decay": 0.0001,
  "batch_size": 4096,
  "best_epoch": 25,
  "best_val_recall": 0.15180642902851105,
  "Recall@10": 0.0773947611451149,
  "NDCG@10": 0.03816533833742142,
  "Recall@20": 0.13539940118789673,
  "NDCG@20": 0.0527128204703331,
  "TailRecall@20": 0.03738318011164665,
  "Coverage@20": 0.5026889329181998,
  "ARP@20": 6.55945348739624,
  "TailExposure@20": 0.03522538945972821,
  "MiddleExposure@20": 0.053480278422273785,
  "HeadExposure@20": 0.911294332117998,
  "base_config": "full"
}