{
  "run_id": "full_L2_ile1p0_cl0p5_tau0p2_beta0p5_s42",
  "use_ile": true,
  "lambda_ile": 1.0,
  "aug_main": false,
  "use_cl": true,
  "lambda_cl": 0.5,
  "tau": 0.2,
  "dropout_type": "degree_aware",
  "neg_pop_beta": 0.5,
  "num_layers": 2,
  "num_epochs": 100,
  "seed": 42,
  "embedding_dim": 64,
  "lr": 0.001,
  "weight_decay": 0.0001,
  "batch_size": 4096,
  "best_epoch": 45,
  "best_val_recall": 0.12595292925834656,
  "Recall@10": 0.0687769278883934,
  "NDCG@10": 0.032406795769929886,
  "Recall@20": 0.11170036345720291,
  "NDCG@20": 0.04320628568530083,
  "TailRecall@20": 0.02429906651377678,
  "Coverage@20": 0.6235493914520238,
  "ARP@20": 6.201934337615967,
  "TailExposure@20": 0.021486576068942657,
  "MiddleExposure@20": 0.1348193569771296,
  "HeadExposure@20": 0.8436940669539278,
  "base_config": "full"
}