{
  "run_id": "full_L3_ile0p1_cl0p5_tau0p2_beta0p0_s42",
  "use_ile": true,
  "lambda_ile": 0.1,
  "aug_main": false,
  "use_cl": true,
  "lambda_cl": 0.5,
  "tau": 0.2,
  "dropout_type": "degree_aware",
  "neg_pop_beta": 0.0,
  "num_layers": 3,
  "num_epochs": 100,
  "seed": 42,
  "embedding_dim": 64,
  "lr": 0.001,
  "weight_decay": 0.0001,
  "batch_size": 4096,
  "best_epoch": 100,
  "best_val_recall": 0.12611865997314453,
  "Recall@10": 0.06629101932048798,
  "NDCG@10": 0.031959425657987595,
  "Recall@20": 0.11186609417200089,
  "NDCG@20": 0.043396662920713425,
  "TailRecall@20": 0.01682243123650551,
  "Coverage@20": 0.6453439003679592,
  "ARP@20": 6.207218647003174,
  "TailExposure@20": 0.027908518395757375,
  "MiddleExposure@20": 0.10918130593304608,
  "HeadExposure@20": 0.8629101756711965,
  "base_config": "full"
}