{
  "run_id": "full_L2_ile0p5_cl0p1_tau0p2_beta0p0_s42",
  "use_ile": true,
  "lambda_ile": 0.5,
  "aug_main": false,
  "use_cl": true,
  "lambda_cl": 0.1,
  "tau": 0.2,
  "dropout_type": "degree_aware",
  "neg_pop_beta": 0.0,
  "num_layers": 2,
  "num_epochs": 100,
  "seed": 42,
  "embedding_dim": 64,
  "lr": 0.001,
  "weight_decay": 0.0001,
  "batch_size": 4096,
  "best_epoch": 30,
  "best_val_recall": 0.152137890458107,
  "Recall@10": 0.0787205845117569,
  "NDCG@10": 0.038415227085351944,
  "Recall@20": 0.13523367047309875,
  "NDCG@20": 0.05263914167881012,
  "TailRecall@20": 0.026168225333094597,
  "Coverage@20": 0.4978771582224738,
  "ARP@20": 6.569450378417969,
  "TailExposure@20": 0.022016904209479615,
  "MiddleExposure@20": 0.0545409347033477,
  "HeadExposure@20": 0.9234421610871727,
  "base_config": "full"
}