{
  "model_name": "lightgcn",
  "seed": 52,
  "best_epoch": 49,
  "monitor": "recall@20",
  "best_monitor_value": 0.1188266488853416,
  "val_recall@10": 0.06894265826363061,
  "val_recall@20": 0.1188266488853416,
  "val_hit_rate@10": 0.06894265826363061,
  "val_hit_rate@20": 0.1188266488853416,
  "val_ndcg@10": 0.03507632252945138,
  "val_ndcg@20": 0.04755377294579049,
  "test_recall@10": 0.06314219412896109,
  "test_recall@20": 0.10705999326223879,
  "test_hit_rate@10": 0.06314219412896109,
  "test_hit_rate@20": 0.10705999326223879,
  "test_ndcg@10": 0.031375276288440536,
  "test_ndcg@20": 0.042380341827217456
}