{
  "model_name": "bprmf",
  "seed": 62,
  "best_epoch": 50,
  "monitor": "recall@20",
  "best_monitor_value": 0.142525687749551,
  "val_recall@10": 0.0802121311524944,
  "val_recall@20": 0.142525687749551,
  "val_hit_rate@10": 0.0802121311524944,
  "val_hit_rate@20": 0.142525687749551,
  "val_ndcg@10": 0.03930775690200236,
  "val_ndcg@20": 0.0549333253242557,
  "test_recall@10": 0.07192575413441081,
  "test_recall@20": 0.12479284054540742,
  "test_hit_rate@10": 0.07192575413441081,
  "test_hit_rate@20": 0.12479284054540742,
  "test_ndcg@10": 0.03606953420903179,
  "test_ndcg@20": 0.0493336471355155
}