epoch,bpr,ile,cl,sec,val_Recall@10,val_NDCG@10,val_Recall@20,val_NDCG@20,val_TailRecall@20,val_Coverage@20,val_ARP@20,val_TailExposure@20,val_MiddleExposure@20,val_HeadExposure@20
1,0.6928395354834787,4.4526000088595925e-07,5.581937643733338,126.2682318687439,,,,,,,,,,
2,0.6925617774037549,5.396399295887686e-07,5.572405233870458,128.60376119613647,0.008120649494230747,0.003633590880781412,0.015412661246955395,0.005448948126286268,0.0,0.9779224455137278,4.879144668579102,0.21644845873384155,0.402485913158767,0.3810656281073915
